Characteristic,Overall,NH White,NH Black,Mexican American,Other Hispanic,Other/Multiracial
"Participants, n","18,511","8,634","3,771","3,402","1,471","1,233"
"CVD deaths within horizon, n",185,82,59,29,6,9
"Age, y",54.5 (10.2),55.1 (10.3),53.3 (9.8),51.5 (9.6),53.0 (9.8),52.9 (9.5)
"Total cholesterol, mg/dL",206.7 (41.6),207.5 (41.0),200.0 (41.2),205.6 (39.2),211.4 (52.1),204.2 (42.1)
"HDL cholesterol, mg/dL",54.1 (16.7),54.4 (16.8),56.9 (17.6),49.7 (14.3),49.9 (13.7),52.9 (16.0)
"Systolic BP, mmHg",125.4 (17.8),124.7 (17.3),130.3 (19.7),125.3 (18.0),125.4 (19.1),125.0 (18.1)
"BMI, kg/m²",28.9 (6.3),28.7 (6.3),30.6 (7.4),29.9 (5.6),29.0 (5.4),26.6 (5.6)
"eGFR, mL/min/1.73m²",90.4 (16.7),89.6 (16.1),84.8 (18.9),100.1 (15.8),95.8 (16.2),96.4 (15.8)
"Female, %",52.7,52.3,55.2,49.4,54.6,55.5
"Current smoking, %",19.8,19.0,26.8,18.0,18.3,20.4
"Diabetes, %",12.0,9.6,19.8,20.3,17.9,18.3
"BP-lowering medication, %",26.7,26.4,38.8,18.8,21.6,21.9
"Lipid-lowering medication, %",18.0,18.7,16.3,13.2,15.7,18.0
"Income-to-poverty ratio < 1.3, %",15.8,11.2,27.1,38.4,34.2,20.5
"Less than high school, %",17.0,11.1,26.0,56.1,39.1,20.2
