scenario,tool,O/E,O/E lo,O/E hi,AUC,AUC lo,AUC hi,Cal. slope,Cal. slope lo,Cal. slope hi,Rel. O/E NH Black,Rel. O/E NH Black lo,Rel. O/E NH Black hi,Rel. O/E PIR<1.3,Rel. O/E PIR<1.3 lo,Rel. O/E PIR<1.3 hi,Race O/E max÷min,Race O/E max÷min lo,Race O/E max÷min hi,Income O/E max÷min,Income O/E max÷min lo,Income O/E max÷min hi
main,PCE,0.2321602305444358,0.2029805411868995,0.27168086904908534,0.8041212249451417,0.767424902150132,0.8391288819829635,0.9329878425418089,0.7864694268991989,1.1032209807214939,1.090459013007623,0.8548580485569335,1.3077611874843356,1.4337769473337287,1.2312721972109082,1.6929752941475285,1.2084513773902437,1.0,1.360575058433932,1.976120569583854,1.0830643510503197,2.419731849701267
main,PCE-revised,0.32587448674357156,0.2857154308118219,0.3815881774360168,0.8015767577956436,0.7647427559391445,0.8332160881228076,0.9355150508115099,0.7890086580526909,1.0891210933954796,1.0653311075211156,0.8380844740624209,1.2800204428677124,1.4018161347223264,1.2012439110200293,1.6527930595795464,1.2663692884232582,1.0,1.4807370622078242,1.936974201696276,1.0440678327272925,2.3754323851483905
main,PREVENT-CVD,0.2814797199004736,0.24474008500694128,0.3293067884634614,0.8103712725141884,0.776096393885424,0.8470649248006495,1.2588531153561815,1.0757568489157847,1.5115788718046113,1.2113657542473737,0.9462543493098756,1.4520358206766235,1.4900687919912758,1.2875743387751437,1.7500063683412779,1.4215972383320004,1.0,1.7659267221563506,2.1398022123165985,1.1893962387391248,2.6428662380718406
main,PREVENT-ASCVD,0.447971973290133,0.38948443890698753,0.5249450976228764,0.8061447204797932,0.7715500966779251,0.8437112051677259,1.3281472393395424,1.1148994214606518,1.6174784270638574,1.25298256824222,0.9818321336807152,1.5010319515906825,1.4914116514037652,1.284486886059533,1.7551459272525736,1.5077246646884128,1.0,1.9297977970482487,2.1576967829630203,1.2039121930890055,2.6697895849438664
main,Framingham-office,0.12752066022884376,0.11056141704105024,0.14944738643557084,0.7945323238645872,0.7623453788232346,0.8271880287347096,0.9725465020965418,0.846721301149987,1.1093321462608063,1.1494098232481957,0.9002757097222926,1.3822827970913822,1.5540937665582886,1.3358359147310974,1.832915500464182,1.30184423105944,1.0,1.5297104445500025,2.3936646490179863,1.3456186554093565,2.9879171053671425
main,PCE (recal),0.9559416376078802,0.8414195210451489,1.1213059826797673,0.8021100039840887,0.7634057975542908,0.8376465655069735,1.0151767891483399,0.8470273587825906,1.2087833829679693,1.084318618949228,0.858128804510538,1.3064442598926906,1.419878537529972,1.2149995280509363,1.6798638005094289,1.1982770008944348,1.0,1.3329450267385605,1.931137015254425,1.039348847721742,2.3750543294837403
main,PCE-revised (recal),0.9417802801591179,0.8275756991453516,1.104061291015887,0.7996111184776166,0.7622969893854874,0.8323896147367416,1.03372669808239,0.8684721687674937,1.2081004216598124,1.0709464230477372,0.8458367171478577,1.285940839492437,1.4020767657482731,1.2012427458735602,1.6534321000391838,1.2782783604783226,1.0,1.5081682141319237,1.9463581025417016,1.0355030111131085,2.3926448356559065
main,PREVENT-CVD (recal),0.9679557945003262,0.8464667599427368,1.1316053222869307,0.8080962788161197,0.7725658061180511,0.8455794376055259,1.0453369528382879,0.8850324153688006,1.2628973243209027,1.1553608702429443,0.9098539327982733,1.399349201430102,1.4251359876897565,1.2277989307568642,1.6677809638973842,1.3570961356979905,1.0,1.6399390237400067,1.906161779664274,1.0287837754016773,2.347050736837619
main,PREVENT-ASCVD (recal),0.9609565708954589,0.8406034103837352,1.1267890436443122,0.8036652038778471,0.7677669246345312,0.8420741768077223,1.026367812471755,0.8548800319675427,1.2594138747504846,1.2133340273540727,0.9626060884090447,1.4670475220292674,1.4229875693401657,1.2230970632109515,1.6690174951490906,1.481082346969067,1.0,1.879217752592655,1.913541852749123,1.0453622876596533,2.351738727629296
main,Framingham-office (recal),0.9273393838535848,0.8098482550402709,1.0832763463413169,0.793096249213502,0.7604950766159558,0.8250123995535281,1.0675609385976381,0.9203682779931193,1.2258319982044064,1.0917160550198115,0.8789335340248718,1.3051170113358939,1.5092920699189927,1.3018743640114376,1.7735502080823302,1.240722812661975,1.0,1.418415646864303,2.24953261422014,1.2438413608564396,2.798974759403404
main,ML-GAM,0.9441906196978944,0.8276034158240602,1.101700776724171,0.8182956172087412,0.78425922984136,0.850121227237203,1.1238813792831321,0.9915302474299702,1.261072882504666,1.122537846994471,0.8910218050769956,1.3455010596677357,1.3906164049701417,1.1996505684005276,1.645998460421609,1.199314958605197,1.0,1.3251391030909938,1.877730782288415,1.02551641356429,2.2886988736982796
main,ML-GBM,0.9774405418900498,0.8567751260771733,1.1365432935181559,0.7880769907592139,0.7470017161103413,0.8262919594979211,0.79324954786659,0.6783189303158024,0.8981150839674094,1.0793837470775043,0.8447921317090858,1.322927380365229,1.3394378610107234,1.1559533114849565,1.581880207157436,1.2010533163968335,1.0,1.3197911249388523,1.7178929523132003,1.0246957843094622,2.0915833911134754
unweighted,PCE,0.2478944654122902,0.22585005578731523,0.27370667975889124,0.7892506850621769,0.7687156508178908,0.8114116069915105,0.907346282537604,0.8186099120870779,1.0202635584059805,1.0587569703837363,0.8704968731317714,1.2932755115075956,1.3108448263891945,1.1256721080595005,1.4772988787646777,1.3232198897631422,1.0,1.5753984595635984,2.146203333157309,1.2664719702271743,2.7481829602406345
unweighted,PCE-revised,0.34685780110702374,0.31618689857515636,0.3837900966239031,0.7857246988156986,0.7650318254719308,0.8063281961575205,0.8964647834954831,0.8055834469725897,1.0084816178410314,1.0388404379475034,0.8553893842324114,1.2760804854767713,1.272330802334536,1.091017983334102,1.4347970365615865,1.4028362242678856,1.0,1.7264342472929486,2.0466138846258146,1.2210271578613403,2.604613736278167
unweighted,PREVENT-CVD,0.3120820367610105,0.2841856319841541,0.34375614416954225,0.7939289277771578,0.773113858138475,0.815634548841111,1.1902492420026405,1.073384356292893,1.3326540182639062,1.1206451277152278,0.9239974829186,1.3671955985761721,1.328172298506299,1.1415867450591362,1.5016638694865068,1.4924053973397753,1.0,1.9017380394756354,2.245607887691734,1.3954334794027177,2.8565224168598475
unweighted,PREVENT-ASCVD,0.5008578069294597,0.4570550975105821,0.5530327433694829,0.7920386116491069,0.7720975343178446,0.8116294867658059,1.2754260123583772,1.1436795325505178,1.425326751393522,1.1558361058435833,0.9536909069813636,1.4116749186895563,1.3239253255004104,1.1356062956657713,1.4936779726418172,1.5684332668800829,1.0,2.023472976000532,2.2396832804774554,1.395539819998878,2.848675990297597
unweighted,Framingham-office,0.14542858717190824,0.1323388310334888,0.16017080129895353,0.7814660019033505,0.7590146791735551,0.80341866585461,0.9053868078136545,0.8215167223133811,1.0034595155572097,1.0601291984452668,0.872658602954556,1.2958619301073353,1.3546539514098754,1.1608324837328836,1.5327535493298126,1.3803639684528766,1.0,1.7043451794033042,2.4326300069454203,1.4567796064865073,3.095093633363267
unweighted,PCE (recal),1.007166633536354,0.9154252390540476,1.111539792070529,0.7879798183197898,0.7673796443204107,0.8104024239269895,0.9861425299577217,0.889237706379629,1.109279357651077,1.0576426022381675,0.8739913328048793,1.2966582021413602,1.2986933010383346,1.1171855008786944,1.468507564503632,1.3244009484796084,1.0,1.5805433750891982,2.0822684931823052,1.2099163562211563,2.6675714091953635
unweighted,PCE-revised (recal),1.0047123530509348,0.9143629478957557,1.1134553864349501,0.7846425973737571,0.7639294255099941,0.8057885682935708,0.9907031717018988,0.8904817264858269,1.116387674421181,1.0439604072228903,0.8621008674282575,1.2830358891569007,1.2691545488023952,1.0898189103763056,1.4331399020588205,1.4203845641845507,1.0,1.7666430600704872,2.039472105299093,1.2297954053719993,2.5903342347959666
unweighted,PREVENT-CVD (recal),1.0083519652675073,0.9148651313322652,1.1134779008146567,0.7924525339017048,0.7716888303410749,0.8146017914889028,0.9878168261651691,0.889444168338768,1.1064000334416615,1.0851807317982198,0.8993474225768002,1.3254387698806889,1.284611760917425,1.1041101105748812,1.4476529096393036,1.4222541083389155,1.0,1.779569680538335,2.0247751527147564,1.244075706745913,2.5841834212653554
unweighted,PREVENT-ASCVD (recal),1.0070596804749468,0.9167304885331193,1.11576616227128,0.7905144684241362,0.770586656011084,0.810996187157779,0.9867571304949833,0.8861367894974089,1.1017209366460752,1.1344298395687649,0.9398061802290427,1.3901616997823874,1.27918602056133,1.0990067283333491,1.4377386532855165,1.5321180641386336,1.0,1.9555254151569927,2.0110788128115655,1.2361827327821353,2.56306415797801
unweighted,Framingham-office (recal),1.002358736668509,0.905546746555984,1.1115072902033498,0.7804397222572715,0.7578029532097466,0.8025217802488158,0.991708204521418,0.8993760038220225,1.1009762291204164,1.0079107530539968,0.8355253260730572,1.2483157393900794,1.313481661152823,1.12998727865011,1.4902646684138532,1.3964782898496848,1.0,1.7284019198491594,2.2488828599467663,1.3610362555950672,2.867080883831081
unweighted,ML-GAM,1.0070392056552326,0.9047904345441014,1.1138209846680898,0.7985743983001918,0.7792707198577045,0.8215500063321761,1.0219903702596533,0.936093342027959,1.1244349313291497,1.034055372419081,0.8580134749955971,1.2748472322741469,1.2602307196024751,1.087252561432749,1.4183893047340856,1.2394248175619944,1.0,1.4176954331708558,1.981781011227442,1.1932518724521324,2.533809150659429
unweighted,ML-GBM,1.0248879813376626,0.9202471553526425,1.135558548282584,0.773867806232229,0.7500122892335893,0.7977945205799066,0.7206962350775556,0.6542269645461714,0.8077039590818968,0.9890538020261974,0.8230508008568678,1.2284500032346635,1.2411831753708698,1.079532229131099,1.4051942874604875,1.2036668435614692,1.0,1.3423892177391847,1.884484694621996,1.1433939578876888,2.413931825673844
exclude_out_of_range,PCE,0.22455769721474206,0.19291480150516438,0.26777205333181364,0.8141113419431507,0.7791308040815359,0.8511937286436501,0.9844362042315872,0.8516654331445453,1.152461618375056,1.1278253415093276,0.8676080220021716,1.3897112318149025,1.4393664334751037,1.1968378956719607,1.6829631334548338,1.1849973750769294,1.0,1.3177574776863832,2.0609507827765348,1.039815104989045,2.5766538687984895
exclude_out_of_range,PCE-revised,0.31673956899648964,0.2733988863614365,0.3771851555822074,0.8109372059438958,0.7802178086226403,0.8428016267897744,0.9878185900452385,0.8596141354978629,1.1479603949556256,1.0982581139509104,0.8463780679913354,1.3514092805748383,1.4085155403101794,1.1776747514890953,1.6601909433360884,1.2292608312498836,1.0,1.386478902717904,2.0273870942072256,1.046747397029995,2.5415639795747604
exclude_out_of_range,PREVENT-CVD,0.27151347120974256,0.2320673116077234,0.3242038685537409,0.8216189629693093,0.7905035244093882,0.8566103546747054,1.332593589004153,1.1579557832792762,1.5696751968180451,1.2482152659273118,0.9604542701961332,1.5331337845174013,1.4929727676894498,1.2412239003748011,1.77062841578907,1.3903069988807113,1.0,1.673090451439748,2.225442893132252,1.1506445019916756,2.7798180071359746
exclude_out_of_range,PREVENT-ASCVD,0.4318815587358274,0.36874388256315893,0.5170649380719538,0.8175415971323077,0.7851359679618114,0.8536219893094997,1.4159174616483363,1.2180027435932663,1.6750318831857827,1.2925923036602274,0.9963611140608004,1.5845387704629668,1.4960335816602894,1.245636306635112,1.7812967407693765,1.4658686255744935,1.0,1.8113639857122257,2.2462132627343037,1.174130740271512,2.811768782732601
exclude_out_of_range,Framingham-office,0.12289603158327851,0.10479026544874437,0.14658552040227643,0.8010306249880967,0.7691995114390688,0.8335274997850277,0.9998952892966059,0.8803439596772199,1.154909408155718,1.1928444447123987,0.918082806314893,1.4668968002046607,1.559070572785506,1.2928089496453954,1.847723592074804,1.2976104685085377,1.0,1.501563272326067,2.4925870324618895,1.3627636131054284,3.1323215738426757
exclude_out_of_range,PCE (recal),0.9554841028156924,0.826198434125812,1.1401170178176696,0.8135346926290818,0.7787177749670207,0.8508715335485234,1.0542311233387611,0.9109248001732221,1.2381295517593676,1.1170801563555368,0.8677377337665335,1.3755435033211034,1.412167952971978,1.1782891602401404,1.6597124067889815,1.163311219553539,1.0,1.277350900329218,1.9773130122876101,1.0,2.4640452054218667
exclude_out_of_range,PCE-revised (recal),0.9395124771682287,0.8126296815186693,1.1187788401286707,0.8103124844064831,0.7790884706481241,0.8418926691453881,1.0776186013263331,0.9367071549378663,1.2576052956921497,1.1019645318357176,0.8537051145600432,1.3573710951181697,1.3977250443482443,1.1685332639108565,1.6531443188683854,1.2370436156096898,1.0,1.4118838100727287,2.0085444180637007,1.0242631244905174,2.5138475575191404
exclude_out_of_range,PREVENT-CVD (recal),0.9681036162843658,0.833747540665498,1.152384868531984,0.8213944090919034,0.7905735919856175,0.8562098587260333,1.0876738783498927,0.9461261663630262,1.280416656673132,1.1811038391821511,0.9172272959175679,1.437336075482863,1.4149927980593515,1.1924374793231665,1.6679179069834427,1.3032530147517285,1.0,1.518171637632897,1.9503137572543263,1.0,2.4244191917527287
exclude_out_of_range,PREVENT-ASCVD (recal),0.9626327962742819,0.8306553893296669,1.1495409821666553,0.8170523798703989,0.7848954617177749,0.8529383095705223,1.0707298358258903,0.9230601807165957,1.2656393864973075,1.2437022685236128,0.9713358164271272,1.510945713127546,1.4131695820802075,1.1889940019615606,1.6748452948258203,1.4127250315625224,1.0,1.7317615635696604,1.9542207925581359,1.0,2.4347380145687048
exclude_out_of_range,Framingham-office (recal),0.9178700362914866,0.7894466549786585,1.0916294687695407,0.8002643012454609,0.7688240469114367,0.8339667350092237,1.1001563667014997,0.9696933638016426,1.270958364902532,1.1322564619859334,0.8966808893656676,1.39291258724852,1.5078514751726004,1.2582573253732487,1.7742771643832234,1.2256163174777466,1.0,1.3748124649417262,2.33075855934731,1.238409295526563,2.92286655718837
exclude_out_of_range,ML-GAM,0.9393115375927169,0.8080888313362916,1.1177596568929329,0.8239538960285645,0.7933071706582884,0.8595708350566814,1.1248273129905777,0.9909381329499737,1.2679927695565079,1.1811704935630203,0.9339363857919879,1.4442028570023568,1.4047277414869128,1.1669898424646785,1.6522464789316855,1.2037037250896747,1.0,1.3586943708231431,1.9565974665312362,1.0001456024629518,2.440128400223175
exclude_out_of_range,ML-GBM,0.9944547147326858,0.8543978843369985,1.198020231826058,0.8028515586520809,0.7686123775874867,0.8352373259047243,0.8259329382822905,0.7269117157571904,0.9278056614287294,1.1354977070418744,0.8927225539953408,1.4255247007935428,1.3162250665234831,1.1051591276441224,1.5720420292021715,1.1901616987444394,1.0,1.3108370103900564,1.7314738595444539,1.0,2.1493846746126435
horizon_5y,PCE,0.08594076387627661,0.06803964020410029,0.10484750229001874,0.7833038951874179,0.7448230171787804,0.8233735243546401,0.8472517052730828,0.7041348637244176,1.024768901899712,1.5442791407559469,1.1169235270303244,2.1618516387750124,1.787158750702919,1.362487286775614,2.277808129306489,1.6374089621873975,1.0,2.04693336180775,2.8511050961129767,1.6490119625802793,4.389602826471645
horizon_5y,PCE-revised,0.12081950357617839,0.09568332869084417,0.14703800453751645,0.7912561010559604,0.7516362891663763,0.8316765031272919,0.8953027679641394,0.7505020621945657,1.0788192305130657,1.5099578395019138,1.0881624361255033,2.0903083553123163,1.7190746638102103,1.3033994904371702,2.192234925123817,1.7238963298308296,1.0,2.276920517646226,2.7346794813156525,1.5768369928976909,4.242702262843093
horizon_5y,PREVENT-CVD,0.10333752564351084,0.0816801589952362,0.12561111926246257,0.7943691574844558,0.7473724731058391,0.8443909797864408,1.1919490273664186,0.9365048053076027,1.5047603232939737,1.7114406132356168,1.2416595387727456,2.398498856370836,1.8393674489957157,1.4039125202532081,2.3169660717577534,1.886878528681806,1.0,2.4170439852824366,3.030612421602944,1.7945165133995964,4.7267536458736705
horizon_5y,PREVENT-ASCVD,0.16574182425249798,0.13104830226232786,0.2012551156546154,0.7893411979449497,0.7406971760820934,0.8380235400897896,1.2565505007310025,0.9849998234736,1.5958928585554712,1.7720847906147967,1.284002273739243,2.4860997699351826,1.8402336937448154,1.3939344227033221,2.315032607252917,2.0046003123149374,1.0,2.604333891019521,3.0542297419559317,1.8087476498146202,4.783682641723805
horizon_5y,Framingham-office,0.04663673011060541,0.037056457223150936,0.05673384528937348,0.7904122133095705,0.753395049638346,0.8264092735243749,0.9347903676211726,0.7826215433410287,1.078159467952196,1.634946530022384,1.189882230944646,2.2836381774665413,1.9137793865058723,1.44749243506203,2.4050656314483634,1.8566519489584041,1.0,2.4135981860817153,3.351142542708994,1.940275703112266,5.375719867840369
horizon_5y,PCE (recal),0.9349859941555904,0.7376246480665892,1.1447504016053929,0.7807595203620032,0.7404015113408484,0.8216699517152398,0.9238839945069193,0.7686009759679912,1.1246142296480448,1.5294304108127976,1.1037593793893334,2.1370978651816026,1.7589508621379732,1.3341888306339467,2.25195770702234,1.6268639141576293,1.0,2.0446974832221674,2.7563339321231273,1.5719320086060997,4.227325178476431
horizon_5y,PCE-revised (recal),0.9244226280440219,0.732849372801627,1.124141963706507,0.7890729603483069,0.7505574905122475,0.8301207263291303,0.9865415743483229,0.8212770393916168,1.1952681026972698,1.5166763356303972,1.0894702936985292,2.103879706588589,1.6879420296338437,1.280947047575347,2.1491945273235746,1.7368518860288265,1.0,2.2990690872715174,2.666248857589952,1.503012360424147,4.125965485140154
horizon_5y,PREVENT-CVD (recal),0.9529279425923611,0.7518229444129951,1.162560230769656,0.7938926355052833,0.7473834730861556,0.843621207522331,0.960718684799026,0.753170603202712,1.2171057613126324,1.5900223710076027,1.1420675605255293,2.211566108616233,1.722960189168431,1.3259844865745352,2.1812464827941747,1.757126754506447,1.0,2.2766792329677,2.6180303868950725,1.525894346198592,3.9121531578726376
horizon_5y,PREVENT-ASCVD (recal),0.9437656398518501,0.7446698561699263,1.147941834714933,0.7886834799954128,0.7391859643555471,0.8388548757025098,0.9534877372154276,0.7434232926040498,1.2156889955724028,1.6880348541661363,1.209282712080727,2.3550611553177747,1.7217291075959449,1.3152158052820593,2.1848783501220064,1.9216996078377269,1.0,2.5231435150038326,2.641899937984568,1.5124144664302297,3.9849507161193785
horizon_5y,Framingham-office (recal),0.9076811463397725,0.7211656381716539,1.1079270560084906,0.7887293815330936,0.7500416423435333,0.8256054333332543,1.0537639982470444,0.8869450016001301,1.2177178439702283,1.5349814656847336,1.1292231765448946,2.1496693145923365,1.8525320502895173,1.3913480101820572,2.3278556173971015,1.7391290305072917,1.0,2.289911507815125,3.1528782938822557,1.8684688051491865,5.003306503733694
horizon_5y,ML-GAM,0.9097771627040403,0.7182731251240422,1.0966369110036012,0.795615171231524,0.7499891896543078,0.8477758102860058,1.0190892860239196,0.8649903162985476,1.1879309829174594,1.3661825635543474,0.9894956535771141,1.8832221061020322,1.6821606973054093,1.2937127162956203,2.1332307313000327,1.4306887625771172,1.0,1.7656805162968692,2.6269143304821156,1.578538922309638,4.012278856191179
horizon_5y,ML-GBM,1.0433752465215795,0.8342522270092981,1.2500217255422679,0.7627878662809814,0.7223179553687213,0.8048933016942793,0.6533923766924299,0.5682293886696871,0.7566109244591875,1.2725650680126355,0.9017879233518855,1.7631577866959902,1.5578342249302477,1.2031578848129991,2.0365187965655402,1.3339821730200287,1.0,1.5652799168474139,2.361332669846947,1.2530800575557546,3.6047107717493874
