feature,auc_drop_mean,auc_drop_sd_across_folds
age,0.12642744161623676,0.011340307390663325
sbp,0.018236002605900237,0.006789897152525888
female,0.01612265753397708,0.007632277289721021
smoker,0.01451084351046708,0.005913327469303097
bmi,0.011589540370844791,0.0120475410312443
egfr,0.009180452887855064,0.0031230309365272327
hdl,0.009069505416941463,0.0062921664907183835
diabetes,0.007097705397448513,0.0037803447210438047
bptx,0.006904236237043752,0.004041675703099405
tc,0.003490226443199651,0.010501782542694904
statin,-7.256397040904979e-05,0.0016895627992697987
