bin,n,expected,observed,tool
1,1347,0.005362543144014789,0.0025704425942492436,PCE
2,1346,0.013739913838472728,0.004429122804941821,PCE
3,1347,0.024512511655053065,0.0020224163046116384,PCE
4,1346,0.03810322357420273,0.005777159579989245,PCE
5,1347,0.055239345824883365,0.01150048756679572,PCE
6,1347,0.07840776306668466,0.02038959170503235,PCE
7,1346,0.11113552785961704,0.018435856166702062,PCE
8,1346,0.15763737714785345,0.03811124161526436,PCE
9,1347,0.22384865845736554,0.04760411243051579,PCE
10,1347,0.37191725173757145,0.10499062138087131,PCE
1,1347,0.0040033875363833064,0.00224152261826412,PCE-revised
2,1346,0.009895662111087274,0.0033886309331913264,PCE-revised
3,1347,0.017305514301006308,0.003493279695650683,PCE-revised
4,1346,0.026284899698978816,0.004871286039456795,PCE-revised
5,1347,0.03728446284408491,0.015935802966929487,PCE-revised
6,1346,0.05297909104148947,0.011382322675555306,PCE-revised
7,1347,0.0744726602189486,0.027207603983820255,PCE-revised
8,1346,0.10613629711379072,0.03827714031352843,PCE-revised
9,1347,0.1570627183336904,0.05416103066123445,PCE-revised
10,1347,0.2852545143993162,0.09120397266212511,PCE-revised
1,1347,0.009196847944185654,0.0024021680408052,PREVENT-CVD
2,1346,0.017245285746743985,0.002644521774445182,PREVENT-CVD
3,1347,0.025536110737562356,0.004477504157443951,PREVENT-CVD
4,1346,0.035836515540547675,0.005496840531079085,PREVENT-CVD
5,1347,0.05021858228128604,0.010042595310483767,PREVENT-CVD
6,1346,0.06861516240784746,0.019157914958991246,PREVENT-CVD
7,1347,0.09477124790831838,0.021205896220213242,PREVENT-CVD
8,1346,0.12824445514671196,0.034997898210912225,PREVENT-CVD
9,1347,0.17357800272104218,0.04524654256920543,PREVENT-CVD
10,1347,0.2565479047774698,0.11358722704740966,PREVENT-CVD
1,1347,0.0058653059945860475,0.0027264637863423963,PREVENT-ASCVD
2,1346,0.011261190300739498,0.0033637739349691577,PREVENT-ASCVD
3,1347,0.016767803839216437,0.0029335072250318587,PREVENT-ASCVD
4,1346,0.023531330576233682,0.0056521952956051,PREVENT-ASCVD
5,1347,0.0323516794808558,0.011990218454157183,PREVENT-ASCVD
6,1346,0.04352789392870552,0.019698947057626048,PREVENT-ASCVD
7,1347,0.05903317580659804,0.016716913534788207,PREVENT-ASCVD
8,1346,0.07943440796977823,0.03507496149675304,PREVENT-ASCVD
9,1347,0.10646168396879302,0.05420963677416291,PREVENT-ASCVD
10,1347,0.15664440907344676,0.10432202790547918,PREVENT-ASCVD
1,1347,0.024626157492222966,0.002329886882447856,Framingham-office
2,1346,0.04581125029575993,0.004263068884242663,Framingham-office
3,1347,0.06623267630627758,0.005358903616643814,Framingham-office
4,1346,0.08949930502851551,0.004402986853630412,Framingham-office
5,1347,0.11719923923818773,0.010514783174980091,Framingham-office
6,1347,0.1522481813034063,0.01740034948811504,Framingham-office
7,1346,0.19735916883811824,0.024354958665293802,Framingham-office
8,1346,0.25987420071717404,0.03562242216090748,Framingham-office
9,1347,0.3509203696597592,0.044029756024546444,Framingham-office
10,1347,0.5402490055913038,0.10467820251625735,Framingham-office
1,1347,0.0014484616872188505,0.002600543683215414,PCE (recal)
2,1346,0.0035233043558456976,0.0043356660093621475,PCE (recal)
3,1347,0.006016567502349292,0.002588774215223951,PCE (recal)
4,1346,0.009075350315900468,0.005736403941292424,PCE (recal)
5,1347,0.01286295733002791,0.009881802051526629,PCE (recal)
6,1347,0.017942662025657207,0.02225478844798197,PCE (recal)
7,1346,0.0252334649777844,0.018841507323539636,PCE (recal)
8,1346,0.03599726707327044,0.036418538799735736,PCE (recal)
9,1347,0.052525625064100676,0.05065725979877798,PCE (recal)
10,1347,0.10034582439400361,0.10223039328532288,PCE (recal)
1,1347,0.001729859369716371,0.0022210525508075327,PCE-revised (recal)
2,1346,0.003970711430721798,0.003740773287152463,PCE-revised (recal)
3,1347,0.006537163141972547,0.0031673373081846476,PCE-revised (recal)
4,1346,0.009565518948254737,0.004686363281398639,PCE-revised (recal)
5,1347,0.013159345540473046,0.01508802430932616,PCE-revised (recal)
6,1347,0.018251606931722182,0.01324247020010923,PCE-revised (recal)
7,1346,0.025137769129467517,0.02636197990066923,PCE-revised (recal)
8,1346,0.03521816764438212,0.03789464657079663,PCE-revised (recal)
9,1347,0.0518732420198672,0.054922471032562904,PCE-revised (recal)
10,1347,0.10017984583211989,0.09055873385041968,PCE-revised (recal)
1,1347,0.0014489238777852136,0.0027266027472288117,PREVENT-CVD (recal)
2,1346,0.0030917917672242516,0.0031243621486458004,PREVENT-CVD (recal)
3,1347,0.005032843931208241,0.004062005825445111,PREVENT-CVD (recal)
4,1346,0.007548087446661733,0.004926299360104432,PREVENT-CVD (recal)
5,1347,0.01151696292359703,0.013502064009986556,PREVENT-CVD (recal)
6,1347,0.016968079627677688,0.014977824576434646,PREVENT-CVD (recal)
7,1346,0.02555321453713683,0.021661639378263996,PREVENT-CVD (recal)
8,1346,0.03781453194498815,0.03506931141994832,PREVENT-CVD (recal)
9,1347,0.05650751901284839,0.044565560030471144,PREVENT-CVD (recal)
10,1347,0.09910852567061564,0.11444904620779087,PREVENT-CVD (recal)
1,1347,0.0013054414077513716,0.002702198369097645,PREVENT-ASCVD (recal)
2,1346,0.002987416704371309,0.003377222305458797,PREVENT-ASCVD (recal)
3,1347,0.005080506774198466,0.003549591470368958,PREVENT-ASCVD (recal)
4,1346,0.007751042073552027,0.005236254927393689,PREVENT-ASCVD (recal)
5,1347,0.011774025903635996,0.01190049863333679,PREVENT-ASCVD (recal)
6,1347,0.017449235164353226,0.018214448621538353,PREVENT-ASCVD (recal)
7,1346,0.02598797615788016,0.019390242158748877,PREVENT-ASCVD (recal)
8,1346,0.038369912174495535,0.033733392774259845,PREVENT-ASCVD (recal)
9,1347,0.05679149434532458,0.05433443345507522,PREVENT-ASCVD (recal)
10,1347,0.09701336798814683,0.10394768193196396,PREVENT-ASCVD (recal)
1,1347,0.003087081500358139,0.002631760908771822,Framingham-office (recal)
2,1346,0.005556485910717484,0.003975979050616419,Framingham-office (recal)
3,1347,0.0078913897556699,0.004944040475711124,Framingham-office (recal)
4,1346,0.010597283724587209,0.0060986455867537565,Framingham-office (recal)
5,1347,0.01386302777026604,0.009238587754616686,Framingham-office (recal)
6,1347,0.018169882352890195,0.017243721738258933,Framingham-office (recal)
7,1346,0.023974002248310592,0.023744288509529265,Framingham-office (recal)
8,1346,0.03282336724989569,0.036131877670006377,Framingham-office (recal)
9,1347,0.047951124464731716,0.04423451556833809,Framingham-office (recal)
10,1347,0.10090371192463082,0.10469882423515604,Framingham-office (recal)
1,1347,0.0034724204508324325,0.001752043828689639,ML-GAM
2,1346,0.005371796321400831,0.004284485032868282,ML-GAM
3,1347,0.0071758329230502274,0.004101121057488286,ML-GAM
4,1346,0.009336861133919034,0.003081099286405578,ML-GAM
5,1347,0.01235057951917956,0.007017162527659658,ML-GAM
6,1347,0.016208341041830113,0.016172029935249004,ML-GAM
7,1346,0.021618198999572555,0.027592569619103044,ML-GAM
8,1346,0.03150306444837627,0.025308690809687524,ML-GAM
9,1347,0.04923979387031978,0.05684306687631752,ML-GAM
10,1347,0.10706368577780219,0.11197037121166264,ML-GAM
1,1347,0.0014515414672798994,0.005476032538182819,ML-GBM
2,1346,0.0026454692976156814,0.00397470335138632,ML-GBM
3,1347,0.003935610087992341,0.005285415202142299,ML-GBM
4,1346,0.005641530678691427,0.005505834616164008,ML-GBM
5,1347,0.008035618853619924,0.010596552868902423,ML-GBM
6,1347,0.011681716018673217,0.010473339821076776,ML-GBM
7,1346,0.017361515358187987,0.022417187757872856,ML-GBM
8,1346,0.02711265170135043,0.023621689666992587,ML-GBM
9,1347,0.046940901917009496,0.045429301906141875,ML-GBM
10,1347,0.13434631301675415,0.10948763395786242,ML-GBM
