feature,value,partial_log_odds
age,40.0,-0.5284288633879486
age,40.795918367346935,-0.5532160467504736
age,41.59183673469388,-0.5670294308778336
age,42.38775510204081,-0.5708207978657676
age,43.183673469387756,-0.5655419298100153
age,43.97959183673469,-0.552144608806314
age,44.775510204081634,-0.5315806169504045
age,45.57142857142857,-0.5048017363380239
age,46.36734693877551,-0.47275974906491225
age,47.16326530612245,-0.4364064372268075
age,47.95918367346939,-0.3966935829194487
age,48.755102040816325,-0.35457296823857476
age,49.55102040816327,-0.31099637527992474
age,50.3469387755102,-0.2668436488334258
age,51.14285714285714,-0.22236851269397384
age,51.93877551020408,-0.17750230495264052
age,52.734693877551024,-0.13217369935583712
age,53.53061224489796,-0.08631136964997665
age,54.326530612244895,-0.039843989581470396
age,55.12244897959184,0.00729976710326774
age,55.91836734693878,0.055191226657828274
age,56.714285714285715,0.1039017153357964
age,57.51020408163265,0.15350255939076263
age,58.30612244897959,0.20406508507631305
age,59.10204081632653,0.2556606186460373
age,59.897959183673464,0.30836520810422385
age,60.69387755102041,0.3623635017213287
age,61.48979591836735,0.41794874803396986
age,62.285714285714285,0.47541891732946606
age,63.08163265306122,0.5350719798951395
age,63.87755102040816,0.5972059060183099
age,64.6734693877551,0.6621186659862985
age,65.46938775510205,0.7301082300864259
age,66.26530612244898,0.8014725686060107
age,67.06122448979592,0.8765096518323761
age,67.85714285714286,0.9555174500528425
age,68.65306122448979,1.038793933554727
age,69.44897959183673,1.1266311951025134
age,70.24489795918367,1.218610147196916
age,71.04081632653062,1.3129304844710097
age,71.83673469387756,1.407633208441161
age,72.63265306122449,1.500759320623736
age,73.42857142857143,1.5903498225351056
age,74.22448979591837,1.674445715691637
age,75.0204081632653,1.751088001609693
age,75.81632653061224,1.8183176818056461
age,76.61224489795919,1.8741757577958618
age,77.40816326530611,1.9167032310967063
age,78.20408163265306,1.9439411032245477
age,79.0,1.9539303756957542
tc,124.0,-0.08086579561531515
tc,127.9795918367347,-0.08153331301675149
tc,131.9591836734694,-0.08172142054304032
tc,135.9387755102041,-0.08143009618191854
tc,139.91836734693877,-0.0806593179211248
tc,143.89795918367346,-0.07940906374839507
tc,147.87755102040816,-0.07767931165147068
tc,151.85714285714286,-0.07547003961808674
tc,155.83673469387756,-0.07278122563598277
tc,159.81632653061223,-0.06961284769289566
tc,163.79591836734693,-0.06596488377656406
tc,167.77551020408163,-0.061837311874724854
tc,171.75510204081633,-0.05723010997511757
tc,175.73469387755102,-0.05214325606547909
tc,179.71428571428572,-0.046576728133547185
tc,183.69387755102042,-0.0405305041670605
tc,187.67346938775512,-0.03400456215375591
tc,191.65306122448982,-0.02699888008137208
tc,195.6326530612245,-0.01951343593764765
tc,199.6122448979592,-0.011548207710319502
tc,203.59183673469389,-0.0031031733871245137
tc,207.57142857142856,0.005821689044196887
tc,211.55102040816325,0.015226401595908712
tc,215.53061224489795,0.02511098628027142
tc,219.51020408163265,0.03547546510954813
tc,223.48979591836735,0.046319860096001086
tc,227.46938775510205,0.05764419325189252
tc,231.44897959183675,0.06944848658948377
tc,235.42857142857144,0.08173276212103708
tc,239.40816326530614,0.09449704185881469
tc,243.38775510204084,0.1077409745048925
tc,247.3673469387755,0.12145063882089868
tc,251.3469387755102,0.1355950123905867
tc,255.3265306122449,0.15014198137546586
tc,259.30612244897964,0.1650594319370473
tc,263.28571428571433,0.18031525023684392
tc,267.265306122449,0.19587732243636413
tc,271.2448979591837,0.21171353469712084
tc,275.2244897959184,0.22779177318062516
tc,279.2040816326531,0.2440799240483864
tc,283.18367346938777,0.2605458734619157
tc,287.16326530612247,0.27715750758272595
tc,291.1428571428571,0.29388271257232557
tc,295.1224489795918,0.31068937459222745
tc,299.1020408163265,0.3275453798039418
tc,303.0816326530612,0.3444186143689798
tc,307.0612244897959,0.3612769644488525
tc,311.0408163265306,0.3780883162050692
tc,315.0204081632653,0.39482055579914377
tc,319.0,0.41144156939258547
hdl,26.0,0.11373177052377148
hdl,27.591836734693878,0.10449909371088761
hdl,29.183673469387756,0.09535225151281601
hdl,30.775510204081634,0.0863317293457948
hdl,32.36734693877551,0.07747801262606213
hdl,33.95918367346939,0.06883158676985435
hdl,35.55102040816327,0.060432937193410474
hdl,37.14285714285714,0.05232254931296776
hdl,38.734693877551024,0.044540908544764335
hdl,40.326530612244895,0.03712850030503745
hdl,41.91836734693878,0.03012581001002612
hdl,43.51020408163265,0.023573323075966712
hdl,45.10204081632653,0.017511524919097354
hdl,46.69387755102041,0.011980900955656182
hdl,48.285714285714285,0.007021936601880441
hdl,49.87755102040816,0.002675117274008265
hdl,51.46938775510204,-0.001019071611722211
hdl,53.06122448979592,-0.004020145232927597
hdl,54.6530612244898,-0.006299305232377428
hdl,56.244897959183675,-0.007869412748588545
hdl,57.83673469387755,-0.008752607898582454
hdl,59.42857142857143,-0.00897103079938244
hdl,61.02040816326531,-0.008546821568009122
hdl,62.61224489795919,-0.0075021203214857834
hdl,64.20408163265306,-0.005859067176833044
hdl,65.79591836734693,-0.0036398022510741868
hdl,67.38775510204081,-0.0008664656612307198
hdl,68.9795918367347,0.0024388024756749616
hdl,70.57142857142857,0.006253862042622238
hdl,72.16326530612244,0.010556572922586938
hdl,73.75510204081633,0.015324794998548441
hdl,75.34693877551021,0.020536388153484353
hdl,76.93877551020408,0.026169212270373166
hdl,78.53061224489795,0.032201127232191595
hdl,80.12244897959184,0.03860999292191991
hdl,81.71428571428572,0.04537366922253305
hdl,83.3061224489796,0.05247001601701129
hdl,84.89795918367346,0.05987689318833134
hdl,86.48979591836735,0.06757216061947258
hdl,88.08163265306123,0.07553367819341084
hdl,89.6734693877551,0.08373930579312638
hdl,91.26530612244898,0.09216690330159594
hdl,92.85714285714286,0.1007943306017971
hdl,94.44897959183673,0.10959944757670925
hdl,96.04081632653062,0.11856011410930911
hdl,97.63265306122449,0.12765419008257428
hdl,99.22448979591837,0.13685945186524062
hdl,100.81632653061224,0.14615299376520596
hdl,102.40816326530611,0.15551157703556306
hdl,104.0,0.16491196067452218
sbp,93.33333333333331,0.07013058385164594
sbp,95.26530612244896,0.049343134657371834
sbp,97.19727891156461,0.029830667504226582
sbp,99.12925170068026,0.01177289331583431
sbp,101.0612244897959,-0.004650476984182639
sbp,102.99319727891155,-0.01925973247220014
sbp,104.9251700680272,-0.03187516222459674
sbp,106.85714285714283,-0.04231705531774832
sbp,108.7891156462585,-0.05040570082803164
sbp,110.72108843537413,-0.05596138783182436
sbp,112.65306122448979,-0.058804405405503246
sbp,114.58503401360542,-0.058755042625444176
sbp,116.51700680272107,-0.05563358856802658
sbp,118.44897959183672,-0.049260332309624566
sbp,120.38095238095237,-0.03949507330140012
sbp,122.31292517006801,-0.02645148430804145
sbp,124.24489795918366,-0.010343647137389667
sbp,126.17687074829931,0.008614107989253661
sbp,128.10884353741494,0.03020745085058607
sbp,130.0408163265306,0.05422205122530599
sbp,131.97278911564626,0.08044357889211007
sbp,133.9047619047619,0.10865770362969585
sbp,135.83673469387753,0.13865009521676175
sbp,137.7687074829932,0.1702064234320062
sbp,139.70068027210883,0.2031123580541241
sbp,141.6326530612245,0.2371535688618165
sbp,143.56462585034012,0.2721157256337783
sbp,145.49659863945578,0.3077844981487097
sbp,147.42857142857142,0.3439455561853073
sbp,149.36054421768705,0.38038456952226785
sbp,151.2925170068027,0.4168872079382906
sbp,153.22448979591837,0.4532391412120722
sbp,155.156462585034,0.4892260391223111
sbp,157.08843537414964,0.524633571447704
sbp,159.0204081632653,0.5592474079669492
sbp,160.95238095238096,0.5928532184587461
sbp,162.8843537414966,0.6252366727017886
sbp,164.81632653061223,0.6561836250060491
sbp,166.7482993197279,0.6855454476011866
sbp,168.68027210884355,0.7133354654598003
sbp,170.6122448979592,0.7395915903515791
sbp,172.54421768707482,0.7643517340462127
sbp,174.47619047619048,0.7876538083133902
sbp,176.40816326530611,0.8095357249227995
sbp,178.34013605442175,0.8300353956441295
sbp,180.2721088435374,0.8491907322470702
sbp,182.20408163265307,0.8670396465013086
sbp,184.1360544217687,0.8836200501765354
sbp,186.06802721088434,0.8989698550424388
sbp,188.0,0.9131269728687075
bmi,18.35,-0.0303601920195522
bmi,18.9565306122449,-0.03182512908413049
bmi,19.563061224489797,-0.032828285874689556
bmi,20.169591836734696,-0.03337461191987057
bmi,20.776122448979592,-0.033469056748310244
bmi,21.38265306122449,-0.03311656988865064
bmi,21.989183673469388,-0.03232210086952936
bmi,22.595714285714287,-0.03109059921958579
bmi,23.202244897959183,-0.029427014467459323
bmi,23.808775510204082,-0.02733629614179023
bmi,24.415306122448982,-0.024823393771217894
bmi,25.021836734693878,-0.02189325688437993
bmi,25.628367346938777,-0.0185508350099175
bmi,26.234897959183673,-0.014801077676469987
bmi,26.841428571428573,-0.010648934412675004
bmi,27.44795918367347,-0.006099354747173713
bmi,28.054489795918368,-0.0011572882086055003
bmi,28.661020408163267,0.004172315674391136
bmi,29.267551020408163,0.00988450737317681
bmi,29.87408163265306,0.015974337359112134
bmi,30.48061224489796,0.022436856103556835
bmi,31.087142857142858,0.029267114077872414
bmi,31.693673469387754,0.036460161753419484
bmi,32.30020408163266,0.04401104960155866
bmi,32.90673469387755,0.05191482809364967
bmi,33.51326530612245,0.06016654770105401
bmi,34.119795918367345,0.0687612588951323
bmi,34.72632653061224,0.07769401214724514
bmi,35.332857142857144,0.08695985792875227
bmi,35.93938775510204,0.09655384671101608
bmi,36.54591836734694,0.1064710289653954
bmi,37.15244897959184,0.11670645516325084
bmi,37.758979591836734,0.1272551757759457
bmi,38.36551020408163,0.138112241274837
bmi,38.972040816326526,0.14927270213128807
bmi,39.57857142857143,0.1607316088166577
bmi,40.185102040816325,0.17248401180230832
bmi,40.79163265306123,0.18452496155959874
bmi,41.398163265306124,0.19684950855989047
bmi,42.00469387755102,0.20945270327454413
bmi,42.611224489795916,0.22232954880039113
bmi,43.21775510204081,0.23547094561465887
bmi,43.824285714285715,0.24886057992715838
bmi,44.43081632653061,0.26248140538979037
bmi,45.037346938775514,0.27631637565446
bmi,45.64387755102041,0.29034844437306706
bmi,46.250408163265305,0.30456056519751673
bmi,46.8569387755102,0.3189356917797106
bmi,47.4634693877551,0.33345677777155025
bmi,48.07,0.34810677682494084
egfr,39.68451446577679,0.7231382161377882
egfr,41.297398622067234,0.6809425102630149
egfr,42.91028277835768,0.637352792029243
egfr,44.523166934648124,0.5926968694123156
egfr,46.136051090938565,0.5473025503880784
egfr,47.74893524722901,0.5014976429323719
egfr,49.36181940351945,0.4556099550210426
egfr,50.974703559809896,0.40996729462993287
egfr,52.58758771610034,0.36489746973488746
egfr,54.20047187239078,0.3207282883117495
egfr,55.81335602868123,0.2777875583363629
egfr,57.42624018497167,0.23640308778457175
egfr,59.03912434126211,0.19690268463221994
egfr,60.65200849755255,0.15961415685514968
egfr,62.26489265384299,0.12486531242920762
egfr,63.87777681013344,0.09298395933023507
egfr,65.49066096642389,0.06429790553407688
egfr,67.10354512271432,0.0391336597196954
egfr,68.71642927900477,0.01765373436073059
egfr,70.3293134352952,-0.00030157717408929585
egfr,71.94219759158565,-0.014929526101871815
egfr,73.5550817478761,-0.026427363639724533
egfr,75.16796590416655,-0.03499234100475235
egfr,76.78085006045698,-0.04082170941406549
egfr,78.39373421674742,-0.04411272008477063
egfr,80.00661837303787,-0.045062624233975335
egfr,81.61950252932832,-0.04386867307878717
egfr,83.23238668561876,-0.04072811783631103
egfr,84.8452708419092,-0.03583820972365892
egfr,86.45815499819963,-0.029396199957934854
egfr,88.07103915449008,-0.021599339756246394
egfr,89.68392331078053,-0.012644880335701991
egfr,91.29680746707098,-0.0027300729134092094
egfr,92.90969162336141,0.007947831293524388
egfr,94.52257577965185,0.019191581067993013
egfr,96.1354599359423,0.030803925192887327
egfr,97.74834409223274,0.04258761245110154
egfr,99.36122824852319,0.05434846746775879
egfr,100.97411240481364,0.06598823460722691
egfr,102.58699656110407,0.07752108069114438
egfr,104.1998807173945,0.0889675750242569
egfr,105.81276487368496,0.10034828691130748
egfr,107.4256490299754,0.11168378565704007
egfr,109.03853318626585,0.12299464056620035
egfr,110.6514173425563,0.13430142094353048
egfr,112.26430149884672,0.14562469609377615
egfr,113.87718565513717,0.1569850353216813
egfr,115.49006981142762,0.1684030079319898
egfr,117.10295396771807,0.17989918322944565
egfr,118.71583812400851,0.1914941305187945
female,1.0,-0.5644118425630208
bptx,1.0,0.4535831614120752
smoker,1.0,0.8388387203462124
diabetes,1.0,0.370004786206628
statin,1.0,-0.10834956087021894
